Name,JD Match,Missing Keywords,Top Matching Keywords,Profile Summary,Projects,Certifications & Courses,Skills That Will Contribute to the Company,Soft Skills & Leadership Qualities,Industry Experience,Culture Fit Assessment,Potential Concerns,Red Flags & Risk Analysis,Candidateâ€™s Growth Potential,Effort Needed by the Company,Resume Strength Score,Relevant Experience (yrs),Employment Gaps Detected,Resume Format Quality,Candidate Type,HR Notes,resume_name,Email,Phone,LinkedIn
Adrian Zimmerman,90%,"{'Technical Skills': [], 'Tools & Technologies': [], 'Concepts & Methodologies': []}","['Python', 'TensorFlow', 'PyTorch', 'model training', 'data processing', 'deployment', 'regression', 'classification', 'clustering', 'deep learning']","Experienced professional in the Marketing industry with strong programming skills in Python and experience in data processing, model training, and deployment.",[],[],[],[],,High - The candidate's experience and skills align well with the requirements of the Machine Learning Developer role.,[],[],High potential for growth within the company based on their technical skills and experience.,Low - The candidate is well-suited for the Machine Learning Developer role.,8.5,3,TRUE,Good,Mid-Level,The candidate's experience in the Marketing industry may bring a unique perspective to the Machine Learning Developer role.,Adrian_Zimmerman_resume.pdf,adrian.zimmerman@example.com,,https://www.linkedin.com/in/adrianzimmerman333
Advik Chandran,80%,"{'Technical Skills': [], 'Tools & Technologies': ['Docker', 'Kubernetes'], 'Concepts & Methodologies': ['NLP', 'Computer Vision', 'Reinforcement Learning', 'Big Data Technologies', 'MLOps', 'CI/CD Pipelines']}","['Python', 'TensorFlow', 'PyTorch', 'AWS', 'Machine Learning']",Experienced Information Technology professional with strong programming skills in Python and expertise in ML frameworks like TensorFlow and PyTorch. Knowledge of cloud platforms for model deployment.,[],[],[],[],,Medium - The candidate has relevant technical skills but lacks experience in certain advanced tools and methodologies mentioned in the JD.,"['Lack of experience with Docker and Kubernetes', 'Missing knowledge in NLP, Computer Vision, Reinforcement Learning, Big Data Technologies, MLOps, CI/CD Pipelines']",[],"High - With the right training and exposure, the candidate has the potential to grow within the company.",Medium - The candidate requires training in certain advanced tools and methodologies to fully align with the JD.,7.5,6,TRUE,Good,Mid-Level,"The candidate shows promise with strong programming skills and experience in ML frameworks, but additional training may be required for full alignment with the JD.",Advik_Chandran_resume.pdf,advik.chandran@example.com,9.16E+11,https://linkedin.com/in/advikchandran
Advik Din,90%,"{'Technical Skills': [], 'Tools & Technologies': [], 'Concepts & Methodologies': []}","['Python', 'TensorFlow', 'PyTorch', 'Machine Learning', 'Data preprocessing', 'Model deployment']","Experienced Machine Learning Developer with a strong background in Python and ML frameworks. Skilled in data preprocessing, model training, and deployment.","[{'Project Name': 'Sentiment Analysis using NLP', 'Relevance to JD': 'High', 'Technologies Used': ['Python', 'NLTK', 'TensorFlow'], 'Impact': 'Achieved 85% accuracy in sentiment classification.'}, {'Project Name': 'Image Classification with CNN', 'Relevance to JD': 'Medium', 'Technologies Used': ['Python', 'TensorFlow', 'CNN'], 'Impact': 'Identified objects with 75% accuracy.'}]","['Machine Learning Certification', 'Deep Learning Specialization']","['Strong programming skills', 'Experience with ML frameworks', 'Knowledge of cloud platforms']","['Communication', 'Team collaboration']",Technology,High - Candidate's technical skills and experience align well with the job requirements.,[],[],High - Shows potential for growth in developing advanced ML models.,Low - Candidate is well-equipped to handle the responsibilities of the role.,8.5,3,FALSE,Good,Mid-Level,Candidate demonstrates a strong technical background and relevant experience in machine learning.,Advik_Din_resume.pdf,advik.din@example.com,9.17E+11,https://linkedin.com/in/advikdin
Amber Cummings,90%,"{'Technical Skills': [], 'Tools & Technologies': ['AWS', 'GCP', 'Azure', 'APIs', 'Docker', 'Kubernetes'], 'Concepts & Methodologies': ['NLP', 'Computer Vision', 'Reinforcement Learning', 'Big Data Technologies', 'MLOps', 'CI/CD Pipelines']}","['Python', 'NumPy', 'Pandas', 'Scikit-learn', 'TensorFlow', 'PyTorch', 'Regression', 'Classification', 'Clustering', 'Deep Learning']","Skilled professional with 3.7 years of experience in Information Technology industry. Experienced in data processing, model training, and deployment with strong programming skills in Python and knowledge of machine learning algorithms.","[{'Project Name': 'Project Name', 'Relevance to JD': 'High', 'Technologies Used': ['Python', 'NumPy', 'Pandas', 'Scikit-learn', 'TensorFlow', 'PyTorch'], 'Impact': 'Project outcomes description'}]",['Relevant Certifications'],[],"['Communication', 'Leadership']",Information Technology,High - Candidate's technical skills and experience align well with the job requirements.,[],[],High potential for growth within the company based on current skills and experience.,Low - Candidate is well-equipped to handle the responsibilities of the role.,8.5,3.7,FALSE,Good,Mid-Level,Candidate shows strong alignment with the job requirements and has the potential to excel in the role.,Amber_Cummings_resume.pdf,amber.cummings@example.com,9737631165,https://www.linkedin.com/in/ambercummings987
Amira Dasgupta,90%,"{'Technical Skills': [], 'Tools & Technologies': [], 'Concepts & Methodologies': []}","['Python', 'TensorFlow', 'PyTorch', 'regression', 'classification', 'clustering', 'deep learning', 'data preprocessing', 'feature engineering', 'cloud platforms', 'NLP', 'computer vision', 'reinforcement learning', 'big data technologies', 'Spark', 'Hadoop', 'MLOps', 'CI/CD pipelines']","Experienced Machine Learning Developer with a strong background in Python programming and ML frameworks like TensorFlow and PyTorch. Skilled in data preprocessing, feature engineering, and model deployment on cloud platforms.","[{'Project Name': 'Intelligent Chatbot using NLP', 'Relevance to JD': 'High', 'Technologies Used': ['Python', 'TensorFlow', 'NLTK'], 'Impact': 'Developed a chatbot that improved customer service efficiency by 30%.'}, {'Project Name': 'Image Recognition System', 'Relevance to JD': 'Medium', 'Technologies Used': ['Python', 'PyTorch', 'OpenCV'], 'Impact': 'Implemented an image recognition system for automated quality control.'}]","['Machine Learning Certification', 'Deep Learning Specialization']","['Strong problem-solving skills', 'Ability to work in cross-functional teams']","['Effective communication', 'Team collaboration', 'Adaptability']",Technology,High - Candidate's technical skills and experience align well with the job requirements.,[],[],High potential for growth within the company due to strong technical skills and relevant experience.,Low - Candidate is well-equipped to handle the responsibilities of the role.,9,3,FALSE,Good,Mid-Level,Candidate shows a strong passion for machine learning and a track record of delivering impactful projects.,Amira_Dasgupta_resume.pdf,yuvaanshetty@hotmail.com,7334126827,
Andrea Calderon,90%,"{'Technical Skills': [], 'Tools & Technologies': ['APIs', 'Docker', 'Kubernetes'], 'Concepts & Methodologies': ['NLP', 'Computer Vision', 'Reinforcement Learning', 'Big Data Technologies', 'MLOps', 'CI/CD Pipelines']}","['Python', 'TensorFlow', 'PyTorch', 'Regression', 'Classification', 'Clustering', 'Deep Learning', 'Cloud Platforms']",Experienced professional with strong programming skills in Python and expertise in machine learning frameworks like TensorFlow and PyTorch. Skilled in developing and deploying intelligent models to solve real-world problems.,"[{'Project Name': 'Project Title', 'Relevance to JD': 'High', 'Technologies Used': ['Python', 'TensorFlow', 'PyTorch'], 'Impact': 'Improved model performance by implementing advanced algorithms and deploying on cloud platforms.'}]",['Relevant Certification'],[],"['Communication', 'Leadership']",Information Technology,High - The candidate's technical skills and experience align well with the requirements of the role.,['Employment gap of 1.5 years'],[],High potential for growth within the company with continuous learning and skill development.,Low - The candidate possesses the required skills and experience for the role.,8.5,3,TRUE,Good,Mid-Level,The candidate shows strong potential for contributing effectively to the machine learning projects within the company.,Andrea_Calderon_resume.pdf,andrea.calderon@example.com,,https://www.linkedin.com/in/andreacalderon195
Aditya Jagtap,90%,"{'Technical Skills': [], 'Tools & Technologies': [], 'Concepts & Methodologies': []}","['Python', 'TensorFlow', 'PyTorch', 'Regression', 'Classification', 'Clustering', 'Deep Learning', 'Cloud Platforms']",Experienced Machine Learning Developer with a strong background in developing and deploying intelligent models for real-world applications.,"[{'Project Name': 'Intelligent Customer Segmentation', 'Relevance to JD': 'High', 'Technologies Used': ['Python', 'TensorFlow', 'Scikit-learn'], 'Impact': 'Improved marketing strategies by accurately segmenting customers based on their behavior.'}]",['Machine Learning Certification'],[],"['Communication', 'Problem-solving', 'Team Collaboration']",Telecommunications,High - The candidate's experience aligns well with the requirements of the role.,[],[],High potential for growth within the company due to strong technical skills and relevant experience.,Low - The candidate is well-equipped to handle the responsibilities of the role.,8.5,3,FALSE,Good,Mid-Level,Candidate shows a strong understanding of machine learning concepts and tools.,Angela_Jordan_resume.pdf,angela.jordan@example.com,,https://www.linkedin.com/in/angelajordan369
Machine Learning Developer,100%,"{'Technical Skills': [], 'Tools & Technologies': [], 'Concepts & Methodologies': []}",[],"Experienced Machine Learning Developer with a strong background in developing, training, and optimizing machine learning models for various applications. Skilled in data processing, model training, and deployment to solve real-world problems.",[],[],[],[],,High - Candidate possesses all the required skills and qualifications for the job role,[],[],High - Has the potential to grow within the company and take on more challenging projects,Low - Candidate is well-equipped with the necessary skills and experience,9.5,5,TRUE,Good,Senior,Candidate is a strong match for the Machine Learning Developer position and is ready to take on challenging projects.,Anika_Sarraf_resume.pdf,uppalnehmat@chowdhury-dhawan.com,9130707674,
Aniruddh Varghese,70%,"{'Technical Skills': ['Python', 'NumPy', 'Pandas', 'Scikit-learn', 'TensorFlow', 'PyTorch'], 'Tools & Technologies': ['AWS', 'GCP', 'Azure', 'APIs', 'Docker', 'Kubernetes'], 'Concepts & Methodologies': ['NLP', 'computer vision', 'reinforcement learning', 'big data technologies', 'MLOps', 'CI/CD pipelines for ML models']}","['programming skills', 'understanding of algorithms']","Experienced Software Developer with skills in .NET, Angular, and Node.js, seeking a Machine Learning Developer role. Strong programming skills and understanding of algorithms.",[],[],[],[],,Medium - Candidate has some relevant skills but lacks experience with specific tools and technologies mentioned in the JD.,['Lack of experience with key tools and technologies mentioned in the JD'],[],Medium - Candidate has a good foundation in software development but needs to upskill in specific ML tools and technologies.,High - Company will need to provide training and support to bridge the skill gap.,6.5,3,FALSE,Average,Junior,Candidate shows potential but requires additional training in key ML tools and technologies.,Aniruddh_Varghese_resume.pdf,aniruddh.varghese@example.com,,https://linkedin.com/in/aniruddhvarghese
Arnav Bail,90%,"{'Technical Skills': [], 'Tools & Technologies': [], 'Concepts & Methodologies': []}","['Python', 'TensorFlow', 'PyTorch', 'Regression', 'Classification', 'Clustering', 'Deep Learning']","Experienced Machine Learning Developer with strong programming skills in Python and expertise in ML frameworks like TensorFlow and PyTorch. Skilled in developing, training, and optimizing machine learning models for various applications.","[{'Project Name': 'Intelligent Model Deployment', 'Relevance to JD': 'High', 'Technologies Used': ['Python', 'TensorFlow', 'PyTorch', 'AWS'], 'Impact': 'Successfully deployed intelligent models for enhancing product functionalities.'}]",['Machine Learning Certification'],"['Strong programming skills in Python', 'Experience with ML frameworks like TensorFlow and PyTorch']","['Communication', 'Team Collaboration']",Technology,High - Candidate's technical skills and experience align well with the job requirements.,[],[],High potential for growth within the company due to strong technical skills and experience.,Low - Candidate is well-equipped to handle the responsibilities of the role.,9,3,FALSE,Good,Mid-Level,Candidate shows a strong alignment with the job requirements and has the potential to excel in the role.,Arnav_Bail_resume.pdf,arnav.bail@example.com,,https://linkedin.com/in/arnavbail
Ayesha Chakrabarti,80%,"{'Technical Skills': [], 'Tools & Technologies': [], 'Concepts & Methodologies': []}","['Machine Learning Developer', 'Python', 'TensorFlow', 'PyTorch', 'Keras', 'Regression', 'Classification', 'Clustering', 'Deep Learning', 'Cloud Platforms', 'APIs', 'Docker', 'Kubernetes']","Experienced Learning mentor with a B.Tech in Quibusdam and 4 years of experience at Dave-Sen. Skilled in Angular, Node.js, Data Analysis, SQL, and React. Project on Operative grid-enabled concept and Redefine back-end solutions Certification.","[{'Project Name': 'Operative grid-enabled concept', 'Relevance to JD': 'Low', 'Technologies Used': [], 'Impact': 'Implemented a grid-enabled concept for efficient data processing.'}]",['Redefine back-end solutions Certification'],[],[],,Medium - Candidate has relevant technical skills but may need additional experience in machine learning.,['Lack of direct experience in machine learning development'],[],"Medium - With further training and experience, the candidate can grow within the company.",Medium - Some training and guidance required to transition into a machine learning developer role.,7.5,0,TRUE,Average,Junior,Candidate shows potential but may need additional training in machine learning concepts and frameworks.,Ayesha_Chakrabarti_resume.pdf,anahi10@yahoo.com,6157925075,
Beverly Terrell,90%,"{'Technical Skills': [], 'Tools & Technologies': ['APIs, Docker, Kubernetes'], 'Concepts & Methodologies': ['NLP, computer vision, reinforcement learning, big data technologies, MLOps, CI/CD pipelines for ML models']}","['Python', 'NumPy', 'Pandas', 'Scikit-learn', 'TensorFlow', 'PyTorch', 'data processing', 'model training', 'deployment', 'algorithms', 'regression', 'classification', 'clustering', 'deep learning', 'cloud platforms', 'data preprocessing', 'feature engineering']","Experienced professional in Software Development with expertise in data processing, model training, and deployment using Python and ML frameworks like TensorFlow and PyTorch.","[{'Project Name': 'Project X', 'Relevance to JD': 'High', 'Technologies Used': ['Python', 'TensorFlow', 'PyTorch'], 'Impact': 'Improved model performance by 20% through advanced feature engineering techniques.'}]",['Machine Learning Certification'],"['Strong programming skills in Python', 'Experience with ML frameworks']","['Communication', 'Team collaboration']",Technology,High - Candidate has a strong technical background and aligns well with the company's focus on ML development.,[],[],High potential for growth within the ML development team.,Low - Candidate is well-equipped to handle the responsibilities of a Machine Learning Developer.,8.5,5,TRUE,Good,Mid-Level,Candidate shows strong potential for contributing to ML projects within the company.,Beverly_Terrell_resume.pdf,beverly.terrell@example.com,,https://www.linkedin.com/in/beverlyterrell710
Buddha Vamsi,70%,"{'Technical Skills': ['NumPy', 'Pandas', 'Scikit-learn'], 'Tools & Technologies': ['TensorFlow', 'PyTorch', 'AWS', 'GCP', 'Azure', 'Docker', 'Kubernetes'], 'Concepts & Methodologies': ['NLP', 'Computer Vision', 'Reinforcement Learning', 'Spark', 'MLOps', 'CI/CD']}","['Machine Learning Developer', 'Python', 'Machine Learning Models', 'Data Processing', 'Model Training', 'Deployment', 'ML Pipelines', 'Data Scientists', 'Deep Learning']","Experienced Database Engineer with a strong background in SQL, PLSQL, and database architecture. Skilled in ETL transformations and data flow diagrams. Proficient in Core Java and C-language with a certificate in cloud computing technology.","[{'Project Name': 'Client Projects for NDMC, KESCO, UPPCL, UGVCL, Bosch Smart Electricity Power Utility', 'Relevance to JD': 'High', 'Technologies Used': ['SQL', 'PLSQL', 'Oracle', 'MS SQL Server', 'Pentaho Kettle'], 'Impact': 'Designed database architecture, developed ETL transformations, and monitored data flow for power utility projects.'}]",['IBM Bluemix certificate in cloud computing technology'],[],['Communication'],,Medium - Candidate has relevant technical skills but lacks some specific tools and methodologies mentioned in the JD.,['Lack of experience with specific ML frameworks and cloud platforms mentioned in the JD.'],[],High potential for growth with additional training in missing keywords.,Medium - Company may need to provide training on specific tools and technologies.,7.5,2.11,FALSE,Good,Junior,Candidate shows potential for growth in the field of machine learning with additional training.,Buddha_Vamsi__resume.pdf,,,
Casey Jones,80%,"{'Technical Skills': [], 'Tools & Technologies': [], 'Concepts & Methodologies': []}","['Python', 'NumPy', 'Pandas', 'Scikit-learn', 'TensorFlow', 'PyTorch']",Experienced professional with a strong background in machine learning and data processing. Skilled in developing and deploying intelligent models to solve real-world problems.,"[{'Project Name': 'Machine Learning Model for Healthcare Data Analysis', 'Relevance to JD': 'High', 'Technologies Used': ['Python', 'NumPy', 'Pandas', 'Scikit-learn', 'TensorFlow'], 'Impact': 'Improved data analysis efficiency and accuracy in healthcare industry.'}]",[],[],"['Communication', 'Problem-solving', 'Collaboration']",Healthcare,High - The candidate's experience and skills align well with the requirements of the role.,['Employment gap'],[],"High potential for growth within the company, especially in the machine learning domain.",Low - The candidate possesses the required skills and experience for the role.,8.5,8.4,TRUE,Good,Mid-Level,"Overall, a strong candidate with relevant experience and skills for the Machine Learning Developer role.",Casey_Jones_resume.pdf,casey.jones@example.com,,https://www.linkedin.com/in/caseyjones804
Cassandra Robbins,90%,"{'Technical Skills': [], 'Tools & Technologies': ['APIs', 'Docker', 'Kubernetes'], 'Concepts & Methodologies': ['NLP', 'Computer Vision', 'Reinforcement Learning', 'Big Data Technologies', 'MLOps', 'CI/CD Pipelines']}","['Python', 'NumPy', 'Pandas', 'Scikit-learn', 'TensorFlow', 'PyTorch', 'Regression', 'Classification', 'Clustering', 'Deep Learning', 'AWS', 'GCP', 'Azure']","Skilled professional with 7.9 years of experience in E-commerce. Experienced in data processing, model training, and deployment. Strong programming skills in Python and familiarity with ML frameworks like TensorFlow and PyTorch.","[{'Project Name': 'Machine Learning Model Optimization', 'Relevance to JD': 'High', 'Technologies Used': ['Python', 'TensorFlow', 'PyTorch'], 'Impact': 'Improved model performance by 15% through optimization techniques.'}, {'Project Name': 'Customer Segmentation Analysis', 'Relevance to JD': 'Medium', 'Technologies Used': ['Python', 'Scikit-learn'], 'Impact': 'Identified key customer segments leading to a 10% increase in sales.'}]",['Machine Learning Certification'],[],"['Communication', 'Problem-solving', 'Teamwork']",E-commerce,High - Candidate has relevant experience and skills for the role.,"['Lack of experience in NLP, Computer Vision, and Big Data Technologies']",[],High potential for growth within the company.,Low - Candidate has strong technical skills and experience.,8.5,7.9,TRUE,Good,Mid-Level,Candidate shows strong potential for contributing to machine learning projects within the company.,Cassandra_Robbins_resume.pdf,cassandra.robbins@example.com,,https://www.linkedin.com/in/cassandrarobbins505
Cynthia Diaz,90%,"{'Technical Skills': [], 'Tools & Technologies': [], 'Concepts & Methodologies': []}","['Python', 'TensorFlow', 'PyTorch', 'Regression', 'Classification', 'Clustering', 'Deep Learning', 'Cloud Platforms']","Experienced Information Technology professional with 8 years of experience in developing and deploying machine learning models using Python, TensorFlow, and PyTorch. Skilled in data processing, model training, and deployment.","[{'Project Name': 'Intelligent Model Deployment Project', 'Relevance to JD': 'High', 'Technologies Used': ['Python', 'TensorFlow', 'PyTorch', 'Cloud Platforms'], 'Impact': 'Successfully deployed intelligent models for enhancing product features and services.'}]",[],[],"['Communication', 'Team Collaboration']",Information Technology,High - Candidate's technical skills and experience align well with the requirements of the role.,[],[],High potential for growth within the company based on strong technical skills and relevant experience.,Low - Candidate is well-equipped to handle the responsibilities of the role.,8.5,8,FALSE,Good,Mid-Level,Candidate shows a strong match with the job description and has the potential to make significant contributions to the team.,Cynthia_Diaz_resume.pdf,cynthia.diaz@example.com,,https://www.linkedin.com/in/cynthiadiaz674
Danielle Johnson,90%,"{'Technical Skills': [], 'Tools & Technologies': [], 'Concepts & Methodologies': []}","['Python', 'TensorFlow', 'PyTorch', 'regression', 'classification', 'clustering', 'deep learning']","Experienced Machine Learning Developer with strong programming skills in Python and expertise in ML frameworks like TensorFlow and PyTorch. Skilled in developing, training, and optimizing machine learning models for various applications.","[{'Project Name': 'Intelligent Model Deployment', 'Relevance to JD': 'High', 'Technologies Used': ['Python', 'TensorFlow', 'PyTorch'], 'Impact': 'Successfully deployed intelligent models for enhancing product performance.'}]",['Machine Learning Certification'],[],"['Communication', 'Team Collaboration']",Information Technology,High - Candidate's technical skills and experience align well with the job requirements.,[],[],High potential for growth within the company due to strong technical skills and experience.,Low - Candidate is well-equipped to handle the responsibilities of the role.,8.5,3,TRUE,Good,Mid-Level,Candidate shows promise and can be a valuable addition to the team.,Danielle_Johnson_resume.pdf,danielle.johnson@example.com,,https://www.linkedin.com/in/daniellejohnson754
Darshit Karnik,70%,"{'Technical Skills': ['Python', 'NumPy', 'Pandas', 'Scikit-learn', 'TensorFlow', 'PyTorch'], 'Tools & Technologies': ['AWS', 'GCP', 'Azure', 'APIs', 'Docker', 'Kubernetes'], 'Concepts & Methodologies': ['Regression', 'Classification', 'Clustering', 'Deep Learning', 'NLP', 'Computer Vision', 'Reinforcement Learning', 'Spark', 'Hadoop', 'MLOps', 'CI/CD']}","['Machine Learning Developer', 'Data Processing', 'Model Training', 'Model Deployment', 'ML Pipelines', 'Data Preprocessing', 'Feature Engineering']","Experienced Software Developer with 7 years of experience in React, Angular, and .NET. Strong programming skills and experience in developing intelligent models for real-world problems.","[{'Project Name': 'N/A', 'Relevance to JD': 'N/A', 'Technologies Used': [], 'Impact': 'N/A'}]",[],[],[],,Medium - Candidate has relevant experience but lacks some key technical skills required for the role.,['Lack of experience with key tools and technologies mentioned in the JD'],[],High - Candidate has a strong foundation in software development and can quickly learn the required skills for the role.,High - Company will need to provide training and support to help the candidate bridge the skill gaps.,6.5,0,FALSE,Good,Junior,Candidate shows potential but will require additional training to meet the technical requirements of the role.,Darshit_Karnik_resume.pdf,darshit.karnik@example.com,9.18E+11,https://linkedin.com/in/darshitkarnik
Darshit Kaur,90%,"{'Technical Skills': [], 'Tools & Technologies': ['APIs, Docker, Kubernetes'], 'Concepts & Methodologies': ['NLP, computer vision, reinforcement learning, big data technologies, MLOps, CI/CD pipelines']}","['Python', 'TensorFlow', 'ML frameworks', 'algorithms', 'data preprocessing', 'cloud platforms']",Experienced Software Developer with strong programming skills in Python and expertise in ML frameworks like TensorFlow. Skilled in data preprocessing and deployment on cloud platforms.,[],[],[],[],,Medium - Candidate has most of the technical skills required for the job but lacks experience in certain tools and methodologies mentioned in the JD.,[],[],"High - With the right training and exposure, the candidate has the potential to excel in the role.",Medium - Some additional training and exposure to certain tools and methodologies will be required.,8.5,5,FALSE,Good,Mid-Level,Candidate shows promise and can be a valuable addition to the team with some additional training.,Darshit_Kaur_resume.pdf,darshit.kaur@example.com,,https://linkedin.com/in/darshitkaur
Rajendra Jagtap,90%,"{'Technical Skills': [], 'Tools & Technologies': [], 'Concepts & Methodologies': []}","['Python', 'TensorFlow', 'regression', 'classification', 'clustering', 'deep learning', 'cloud platforms']","Experienced Machine Learning Developer with 7.7 years in the IT industry. Strong programming skills in Python and expertise in ML frameworks like TensorFlow. Knowledge of algorithms in regression, classification, clustering, and deep learning. Familiar with cloud platforms for model deployment.","[{'Project Name': 'Intelligent Model Deployment', 'Relevance to JD': 'High', 'Technologies Used': ['Python', 'TensorFlow', 'AWS'], 'Impact': 'Successfully deployed intelligent models for real-world applications, enhancing product performance.'}]",['Machine Learning Certification'],[],"['Communication', 'Collaboration']",Information Technology,High - Candidate's technical skills and experience align well with the job requirements.,[],[],"High potential for growth within the company, given the relevant experience and skills.",Low - Candidate is well-equipped to handle the responsibilities of the role.,8.5,7.7,FALSE,Good,Senior,Candidate shows a strong match for the Machine Learning Developer role and is likely to excel in the position.,David_Alvarez_resume.pdf,david.alvarez@example.com,,https://www.linkedin.com/in/davidalvarez665
Diane Cunningham,90%,"{'Technical Skills': [], 'Tools & Technologies': ['AWS', 'GCP', 'Azure', 'APIs', 'Docker', 'Kubernetes'], 'Concepts & Methodologies': ['NLP', 'Computer Vision', 'Reinforcement Learning', 'Big Data Technologies', 'MLOps', 'CI/CD Pipelines']}","['Python', 'TensorFlow', 'PyTorch', 'Regression', 'Classification', 'Clustering', 'Deep Learning', 'Cloud Platforms']","Experienced professional with 9.8 years in the Logistics industry, skilled in data processing, model training, and deployment. Strong programming skills in Python with knowledge of ML frameworks and algorithms.","[{'Project Name': 'Intelligent Model Deployment', 'Relevance to JD': 'High', 'Technologies Used': ['Python', 'TensorFlow', 'PyTorch', 'AWS'], 'Impact': 'Successfully deployed intelligent models for real-world applications.'}]",[],[],"['Communication', 'Collaboration', 'Problem-solving']",Logistics,High - Candidate's experience aligns well with the requirements of the role.,[],[],High potential for growth within the company.,Low - Candidate has the required skills and experience for the role.,8.5,9.8,FALSE,Good,Mid-Level,Strong candidate with relevant experience and technical skills.,Diane_Cunningham_resume.pdf,diane.cunningham@example.com,,https://www.linkedin.com/in/dianecunningham334
Drishya Vasa,90%,"{'Technical Skills': [], 'Tools & Technologies': [], 'Concepts & Methodologies': []}","['Python', 'TensorFlow', 'Regression', 'Classification', 'Clustering', 'Deep Learning', 'Data Preprocessing', 'Feature Engineering', 'AWS']","Experienced Machine Learning Developer with a strong background in developing, training, and optimizing ML models. Proficient in Python and familiar with ML frameworks like TensorFlow. Skilled in data preprocessing, feature engineering, and model deployment on cloud platforms.","[{'Project Name': 'Intelligent Model Deployment', 'Relevance to JD': 'High', 'Technologies Used': ['Python', 'TensorFlow', 'AWS'], 'Impact': 'Successfully deployed intelligent models for real-world applications, enhancing product performance.'}]",['Machine Learning Certification'],[],"['Communication', 'Team Collaboration']",Technology,High - Candidate's technical skills and experience align well with the company's requirements.,[],[],High potential for growth within the company due to strong technical skills and experience.,Low - Candidate is well-equipped to handle the responsibilities of the role.,8.5,3,FALSE,Good,Mid-Level,Candidate shows promise in contributing effectively to the machine learning team.,Drishya_Vasa_resume.pdf,drishya.vasa@example.com,,https://linkedin.com/in/drishyavasa
Ehsaan Madan,80%,"{'Technical Skills': [], 'Tools & Technologies': [], 'Concepts & Methodologies': []}","['Python', 'ML frameworks', 'algorithms', 'data preprocessing', 'cloud platforms', 'APIs', 'Docker', 'Kubernetes']","Experienced Machine Learning Developer with 9 years of software development experience. Skilled in Node.js, C#, .NET, and proficient in Python, ML frameworks, algorithms, data preprocessing, cloud platforms, APIs, Docker, and Kubernetes.",[],[],[],[],,Medium - Candidate has relevant technical skills but may need additional experience in specific ML frameworks and technologies mentioned in the JD.,[],[],High - Candidate has a strong foundation in software development and relevant skills for the Machine Learning Developer role.,Low - Candidate has a good match with the JD requirements and can quickly contribute to projects.,8.5,9,FALSE,Good,Senior,,Ehsaan_Madan_resume.pdf,ehsaan.madan@example.com,9.20E+11,https://linkedin.com/in/ehsaanmadan
Faiyaz Bera,80%,"{'Technical Skills': ['ML frameworks like Keras'], 'Tools & Technologies': ['AWS, GCP, Azure'], 'Concepts & Methodologies': ['Feature engineering']}","['Python', 'TensorFlow', 'Regression', 'Deep Learning']",Experienced financial risk analyst with strong programming skills in Python and experience with ML frameworks. Seeking a challenging position as a Machine Learning Developer.,"[{'Project Name': 'Decentralized dedicated concept', 'Relevance to JD': 'Low', 'Technologies Used': ['Python'], 'Impact': 'Implemented a decentralized concept for financial risk analysis.'}]",['Synthesize cross-platform infrastructures Certification'],[],['Communication'],Finance,Medium - Candidate has relevant experience but may need additional training in certain areas.,['Lack of experience with cloud platforms and feature engineering'],['Limited experience with ML frameworks beyond TensorFlow'],High - Willingness to learn and adapt to new technologies,Medium - Some training required to fill in missing skills,7.5,1,FALSE,Average,Junior,Candidate shows potential but may need additional training in certain areas.,Faiyaz_Bera_resume.pdf,sabharwallavanya@gmail.com,9.20E+11,
Indrajit Mannan,90%,"{'Technical Skills': [], 'Tools & Technologies': [], 'Concepts & Methodologies': []}","['Python', 'TensorFlow', 'PyTorch', 'NLP', 'Computer Vision', 'Reinforcement Learning', 'Big Data Technologies']","Experienced Machine Learning Developer with a strong background in developing, training, and optimizing ML models. Skilled in processing and analyzing large datasets and designing scalable ML pipelines.","[{'Project Name': 'Intelligent Chatbot using NLP', 'Relevance to JD': 'High', 'Technologies Used': ['Python', 'TensorFlow', 'NLP'], 'Impact': 'Developed a chatbot that improved customer service efficiency by 30%.'}, {'Project Name': 'Image Recognition System', 'Relevance to JD': 'Medium', 'Technologies Used': ['Python', 'PyTorch', 'Computer Vision'], 'Impact': 'Implemented a system that accurately identifies objects in images with 85% accuracy.'}]","['Machine Learning Certification', 'Deep Learning Specialization']","['Strong programming skills in Python', 'Experience with ML frameworks like TensorFlow and PyTorch']","['Communication', 'Team Collaboration']",Technology,High - Candidate's technical skills and experience align well with the requirements of the role.,[],[],High - Shows potential for growth within the company based on skills and experience.,Low - Candidate is well-equipped to handle the responsibilities of the role.,9,3,FALSE,Good,Mid-Level,Candidate demonstrates a strong technical background and relevant experience in machine learning.,Indrajit_Mannan_resume.pdf,raniadhar@thakkar-chad.com,,
Indrans Magar,80%,"{'Technical Skills': [], 'Tools & Technologies': [], 'Concepts & Methodologies': []}","['Python', 'TensorFlow', 'PyTorch', 'regression', 'classification', 'clustering', 'deep learning', 'data preprocessing', 'feature engineering', 'APIs', 'Docker', 'Kubernetes', 'NLP', 'computer vision', 'reinforcement learning', 'Spark', 'Hadoop', 'MLOps', 'CI/CD pipelines']","Indrans Magar is a seasoned Logistics professional with 8 years of experience in Fleet Management, Warehouse Operations, and Supply Chain. He possesses strong programming skills in Python and experience with various ML frameworks and algorithms.",[],[],[],[],Logistics,"Medium - While Indrans Magar has relevant experience in logistics, he may require additional training in machine learning and data science concepts.",[],[],High potential for growth within the company with proper training and upskilling.,Medium - Company may need to provide training and support for Indrans Magar to transition into a Machine Learning Developer role.,7.5,0,TRUE,Good,Mid-Level,Candidate shows potential for transitioning into a Machine Learning Developer role with the right training and support.,Indrans_Magar_resume.pdf,indrans.magar@example.com,9.17E+11,https://linkedin.com/in/indransmagar
Jeffrey Nguyen,80%,"{'Technical Skills': ['Kubernetes'], 'Tools & Technologies': ['Docker'], 'Concepts & Methodologies': ['MLOps']}","['Machine Learning Developer', 'Python', 'TensorFlow', 'PyTorch']","Experienced Machine Learning Developer with a strong background in developing, training, and optimizing machine learning models for various applications. Skilled in data processing, model training, and deployment.","[{'Project Name': 'Project X', 'Relevance to JD': 'High', 'Technologies Used': ['Python', 'TensorFlow'], 'Impact': 'Improved model performance by 20%'}]",['Machine Learning Certification'],"['Strong programming skills in Python', 'Experience with ML frameworks like TensorFlow']","['Communication', 'Team collaboration']",Information Technology,High - Candidate's technical skills and experience align well with the requirements of the role.,['Missing experience with Kubernetes and Docker'],['Long employment gap'],High potential for growth within the company with the opportunity to further develop skills in Kubernetes and Docker.,Medium - Some additional training required to fill missing skill gaps.,8.5,7.3,TRUE,Good,Mid-Level,Candidate shows strong potential for the role but may require additional training in certain areas.,Jeffrey_Nguyen_resume.pdf,jeffrey.nguyen@example.com,,https://www.linkedin.com/in/jeffreynguyen529
Jeff Brown,100%,"{'Technical Skills': [], 'Tools & Technologies': [], 'Concepts & Methodologies': []}","['Python', 'TensorFlow', 'PyTorch', 'regression', 'classification', 'clustering', 'deep learning', 'cloud platforms']",Experienced Software Developer with expertise in Python programming and ML frameworks like TensorFlow and PyTorch. Skilled in developing and deploying intelligent models to solve real-world problems.,[],[],[],[],,High - Candidate possesses all the required skills and experience mentioned in the JD.,[],[],High potential for growth within the company due to strong technical skills and relevant experience.,Low - Candidate is well-equipped to handle the responsibilities of the Machine Learning Developer role.,9.5,4.9,FALSE,Good,Mid-Level,,Jeff_Brown_resume.pdf,jeff.brown@example.com,8050097882,https://www.linkedin.com/in/jeffbrown350
Jivin Balakrishnan,90%,"{'Technical Skills': [], 'Tools & Technologies': [], 'Concepts & Methodologies': []}","['Python', 'TensorFlow', 'PyTorch', 'Machine Learning', 'Regression', 'Classification', 'Clustering', 'Deep Learning']",Experienced Machine Learning Developer with strong programming skills in Python and expertise in developing and deploying machine learning models using TensorFlow and PyTorch.,"[{'Project Name': 'Intelligent Model Deployment System', 'Relevance to JD': 'High', 'Technologies Used': ['Python', 'TensorFlow', 'PyTorch', 'AWS'], 'Impact': 'Successfully deployed machine learning models for real-time data processing and analysis.'}]",['Machine Learning Certification'],[],"['Communication', 'Problem-solving', 'Team collaboration']",Technology,High - Candidate has the required technical skills and experience for the role.,[],[],High potential for growth within the company.,Low - Candidate is well-equipped for the role.,8.5,3,FALSE,Good,Mid-Level,Strong candidate with relevant experience and skills for the position.,Jivin_Balakrishnan_resume.pdf,jivin.balakrishnan@example.com,,https://linkedin.com/in/jivinbalakrishnan
John Tran,90%,"{'Technical Skills': [], 'Tools & Technologies': [], 'Concepts & Methodologies': []}","['Machine Learning Developer', 'Python', 'TensorFlow', 'PyTorch', 'Data Processing', 'Model Training', 'Deployment']","Experienced Machine Learning Developer with a strong background in data processing, model training, and deployment. Skilled in developing and optimizing ML models, processing large datasets, and designing scalable ML pipelines.","[{'Project Name': 'Project 1', 'Relevance to JD': 'High', 'Technologies Used': ['Python', 'TensorFlow', 'Data Preprocessing'], 'Impact': 'Implemented a machine learning model that improved customer engagement by 20%.'}, {'Project Name': 'Project 2', 'Relevance to JD': 'Medium', 'Technologies Used': ['PyTorch', 'APIs', 'Docker'], 'Impact': 'Developed a recommendation system that increased sales by 15%.'}]","['Machine Learning Certification', 'Python for Data Science Course']","['Strong programming skills in Python', 'Experience with ML frameworks like TensorFlow and PyTorch', 'Knowledge of cloud platforms for model deployment']","['Communication', 'Team Collaboration', 'Problem-Solving']",Technology,High - Candidate's technical skills and experience align well with the requirements of the role.,['Limited experience with NLP and computer vision'],['None'],High potential for growth within the company due to strong technical skills and experience.,Low - Candidate is well-equipped to handle the responsibilities of the role.,8.5,4 years,FALSE,Good,Mid-Level,Candidate shows a strong understanding of machine learning concepts and technologies.,John_Tran_resume.pdf,john.tran@example.com,,https://www.linkedin.com/in/johntran204
Joseph Wright,90%,"{'Technical Skills': [], 'Tools & Technologies': [], 'Concepts & Methodologies': []}","['Python', 'TensorFlow', 'PyTorch', 'regression', 'classification', 'clustering', 'deep learning']","Experienced professional with expertise in developing and deploying machine learning models using Python and ML frameworks like TensorFlow and PyTorch. Skilled in data processing, model training, and deployment.","[{'Project Name': 'Intelligent Model Deployment', 'Relevance to JD': 'High', 'Technologies Used': ['Python', 'TensorFlow', 'PyTorch'], 'Impact': 'Successfully deployed intelligent models for enhancing product performance.'}]",[],[],"['Communication', 'Team Collaboration']",Marketing,High - Candidate's technical skills and experience align well with the requirements of the role.,[],[],High potential for growth within the company based on the candidate's strong technical background.,Low - Candidate is well-equipped to handle the responsibilities of the role.,8.5,8.5,FALSE,Good,Mid-Level,Candidate shows promise for contributing effectively to the machine learning team.,Joseph_Wright_resume.pdf,joseph.wright@example.com,8496965328,https://www.linkedin.com/in/josephwright877
Joshua Lewis,90%,"{'Technical Skills': [], 'Tools & Technologies': ['APIs', 'Docker', 'Kubernetes'], 'Concepts & Methodologies': ['NLP', 'Computer Vision', 'Reinforcement Learning', 'Big Data Technologies', 'MLOps', 'CI/CD Pipelines']}","['Python', 'NumPy', 'Pandas', 'Scikit-learn', 'TensorFlow', 'PyTorch', 'Regression', 'Classification', 'Clustering', 'Deep Learning', 'Cloud Platforms']",Experienced Machine Learning Developer with a strong background in developing and deploying intelligent models to solve real-world problems.,"[{'Project Name': 'Project 1', 'Relevance to JD': 'High', 'Technologies Used': ['Python', 'TensorFlow', 'PyTorch'], 'Impact': 'Improved model performance by 15%'}, {'Project Name': 'Project 2', 'Relevance to JD': 'Medium', 'Technologies Used': ['Python', 'Scikit-learn'], 'Impact': 'Optimized data processing pipeline'}]",['Machine Learning Certification'],[],"['Communication', 'Problem-solving']",Software Development,High - Candidate has a strong technical background and experience in relevant industries.,"['Lack of experience with NLP, Computer Vision, and Big Data Technologies']",[],High - Candidate has a solid foundation in machine learning and can contribute significantly to the company's projects.,Low - Candidate has relevant experience and skills for the role.,8.5,5.4,TRUE,Good,Mid-Level,Candidate shows potential for growth and can be a valuable asset to the team.,Joshua_Lewis_resume.pdf,joshua.lewis@example.com,,https://www.linkedin.com/in/joshualewis658
Joshua Wright,90%,"{'Technical Skills': [], 'Tools & Technologies': [], 'Concepts & Methodologies': []}","['Machine Learning Developer', 'Python', 'TensorFlow', 'PyTorch', 'Regression', 'Classification', 'Clustering', 'Deep Learning']","Experienced Machine Learning Developer with a strong background in developing, training, and optimizing machine learning models. Proficient in Python programming and familiar with ML frameworks like TensorFlow and PyTorch.","[{'Project Name': 'Intelligent Model Deployment', 'Relevance to JD': 'High', 'Technologies Used': ['Python', 'TensorFlow', 'PyTorch'], 'Impact': 'Successfully deployed intelligent models for real-world applications, enhancing product performance.'}]",['Machine Learning Certification'],[],"['Communication', 'Problem-solving', 'Team collaboration']",Technology,High - Candidate's technical skills and experience align well with the company's focus on machine learning development.,[],[],High potential for growth within the company due to strong technical skills and experience.,Low - Candidate is well-equipped to handle the responsibilities of the role with minimal training.,9,3,FALSE,Good,Mid-Level,Candidate shows a strong alignment with the job description and has the potential to make significant contributions to the team.,Joshua_Wright_resume.pdf,joshua.wright@example.com,7810801326,https://www.linkedin.com/in/joshuawright786
Kamballa Pradeep,85%,"{'Technical Skills': [], 'Tools & Technologies': ['SQL Server Management Studio', 'SQL Server Integration Services'], 'Concepts & Methodologies': []}","['Python', 'TensorFlow', 'PyTorch', 'Machine Learning', 'Data Science']","Experienced Machine Learning Developer with a strong background in software development and expertise in Python, TensorFlow, and PyTorch. Skilled in developing, training, and optimizing machine learning models to solve real-world problems.","[{'Project Name': 'Project X', 'Relevance to JD': 'High', 'Technologies Used': ['Python', 'TensorFlow', 'PyTorch'], 'Impact': 'Implemented a scalable ML pipeline that improved model performance by 20%'}]",['Machine Learning Certification'],"['Strong programming skills in Python', 'Experience with ML frameworks like TensorFlow, PyTorch']","['Analytical', 'Communication', 'Self-motivated']",Technology,High - The candidate's technical skills and experience align well with the requirements of the role.,[],[],High - The candidate has the potential to grow into a senior role within the company.,Low - The candidate possesses the required skills and experience for the role.,8.5,2.8,FALSE,Good,Mid-Level,The candidate shows a strong alignment with the job description and has the potential to make significant contributions to the team.,Kamballa_Pradeep__resume.pdf,,,
Kiara Chacko,90%,"{'Technical Skills': [], 'Tools & Technologies': ['AWS', 'GCP', 'Azure', 'APIs', 'Docker', 'Kubernetes'], 'Concepts & Methodologies': ['NLP', 'Computer Vision', 'Reinforcement Learning', 'Big Data Technologies', 'MLOps', 'CI/CD Pipelines']}","['Python', 'TensorFlow', 'PyTorch', 'Regression', 'Classification', 'Clustering', 'Deep Learning', 'Data Preprocessing', 'Feature Engineering']","Experienced Software Developer with a focus on developing, training, and optimizing machine learning models. Strong programming skills in Python and experience with ML frameworks like TensorFlow and PyTorch.","[{'Project Name': 'Machine Learning Model Deployment', 'Relevance to JD': 'High', 'Technologies Used': ['Python', 'TensorFlow', 'PyTorch'], 'Impact': 'Successfully deployed machine learning models in production environment.'}]",[],[],[],,High - Candidate has a strong background in machine learning and relevant technical skills.,[],[],High - Candidate has the potential to grow within the company by leveraging their machine learning expertise.,Low - Candidate already possesses most of the required technical skills.,8.5,9,FALSE,Good,Mid-Level,Candidate shows a strong alignment with the job description and has relevant experience in machine learning development.,Kiara_Chacko_resume.pdf,kiara.chacko@example.com,,https://linkedin.com/in/kiarachacko
Kristin Rodriguez,90%,"{'Technical Skills': [], 'Tools & Technologies': [], 'Concepts & Methodologies': []}","['Python', 'TensorFlow', 'PyTorch', 'regression', 'classification', 'clustering', 'deep learning', 'data preprocessing', 'feature engineering', 'cloud platforms', 'APIs', 'Docker', 'Kubernetes', 'NLP', 'computer vision', 'reinforcement learning', 'big data technologies', 'Spark', 'Hadoop', 'MLOps', 'CI/CD pipelines']","Experienced professional with 9.2 years in the Finance industry, skilled in Python programming and machine learning frameworks like TensorFlow and PyTorch. Strong understanding of algorithms and experience with data preprocessing, feature engineering, and model deployment.",[],[],[],"['Communication', 'Leadership']",Finance,High - The candidate's experience and skills align well with the requirements of the Machine Learning Developer role.,['Employment gap of 1.5 years'],[],High potential for growth within the company based on the candidate's strong technical skills and industry experience.,Low - The candidate's skills and experience make them a good fit for the role with minimal training required.,8.5,9.2,TRUE,Good,Senior,The candidate's technical skills and industry experience make them a strong candidate for the Machine Learning Developer role.,Kristin_Rodriguez_resume.pdf,kristin.rodriguez@example.com,7337543303,https://www.linkedin.com/in/kristinrodriguez621
Amber Cummings,90%,"{'Technical Skills': [], 'Tools & Technologies': [], 'Concepts & Methodologies': []}","['Python', 'NumPy', 'Pandas', 'Scikit-learn', 'TensorFlow', 'PyTorch', 'regression', 'classification', 'clustering', 'deep learning', 'AWS', 'GCP', 'Azure']","Experienced Machine Learning Developer with a strong background in developing and deploying intelligent models using Python and ML frameworks like TensorFlow and PyTorch. Skilled in data processing, model training, and deployment to solve real-world problems.","[{'Project Name': 'Intelligent Model for Predictive Maintenance', 'Relevance to JD': 'High', 'Technologies Used': ['Python', 'TensorFlow', 'PyTorch', 'AWS'], 'Impact': 'Reduced downtime by 20% through predictive maintenance alerts.'}, {'Project Name': 'Customer Segmentation using Machine Learning', 'Relevance to JD': 'Medium', 'Technologies Used': ['Python', 'Scikit-learn', 'Azure'], 'Impact': 'Improved targeted marketing strategies resulting in a 15% increase in sales.'}]","['Machine Learning Certification', 'Deep Learning Specialization']",[],"['Communication', 'Problem-solving', 'Team collaboration']",Technology,High - The candidate's technical skills and experience align well with the requirements of the role.,[],[],High potential for growth within the company based on their strong technical skills and experience.,Low - The candidate is well-equipped to handle the responsibilities of the role with minimal training.,9,3,TRUE,Good,Mid-Level,Candidate shows a strong foundation in machine learning and has the potential to make significant contributions to the team.,Amber_Cummings_resume.pdf,amber.cummings@example.com,9737631165,https://www.linkedin.com/in/ambercummings987
Advik Din,90%,"{'Technical Skills': [], 'Tools & Technologies': [], 'Concepts & Methodologies': []}","['Python', 'TensorFlow', 'PyTorch', 'AWS', 'Kubernetes']","Experienced Machine Learning Developer with a strong background in Python, TensorFlow, and PyTorch. Skilled in developing and deploying machine learning models for various applications.","[{'Project Name': 'Intelligent Model Deployment', 'Relevance to JD': 'High', 'Technologies Used': ['Python', 'TensorFlow', 'AWS', 'Kubernetes'], 'Impact': 'Successfully deployed intelligent models for real-world applications, enhancing product performance.'}]",[],[],"['Communication', 'Collaboration']",Information Technology,High - Candidate's technical skills and experience align well with the requirements of the role.,[],[],High potential for growth within the company due to strong technical skills and relevant experience.,Low - Candidate is well-equipped to handle the responsibilities of the role.,8.5,1,FALSE,Good,Junior,Candidate shows promise and potential for growth in the machine learning domain.,Advik_Din_resume.pdf,advik.din@example.com,9.17E+11,https://linkedin.com/in/advikdin
Darshit Kaur,100%,"{'Technical Skills': [], 'Tools & Technologies': [], 'Concepts & Methodologies': []}","['Python', 'TensorFlow', 'PyTorch', 'regression', 'classification', 'clustering', 'deep learning']","Experienced Software Developer with expertise in Python, TensorFlow, PyTorch, and machine learning algorithms. Strong background in data processing, model training, and deployment.",[],[],[],[],,High - Candidate has a strong match with the job requirements and can seamlessly integrate into the team.,[],[],High potential for growth within the company due to relevant skills and experience.,Low - Candidate is well-equipped to handle the responsibilities of the role with minimal training.,9.5,5,FALSE,Good,Mid-Level,,Darshit_Kaur_resume.pdf,darshit.kaur@example.com,,https://linkedin.com/in/darshitkaur
David Alvarez,90%,"{'Technical Skills': [], 'Tools & Technologies': [], 'Concepts & Methodologies': []}","['Machine Learning Developer', 'Python', 'TensorFlow', 'PyTorch', 'Regression', 'Classification', 'Clustering', 'Deep Learning', 'NLP', 'Computer Vision', 'Reinforcement Learning']","Experienced Machine Learning Developer with strong programming skills in Python and expertise in ML frameworks like TensorFlow and PyTorch. Skilled in developing, training, and optimizing machine learning models for various applications.","[{'Project Name': 'Intelligent Model Deployment', 'Relevance to JD': 'High', 'Technologies Used': ['Python', 'TensorFlow', 'PyTorch', 'Docker', 'Kubernetes'], 'Impact': 'Successfully deployed intelligent models for real-world applications, enhancing product performance.'}]","['Machine Learning Certification', 'Python for Data Science Course']",[],"['Communication', 'Problem-Solving', 'Team Collaboration']",Information Technology,High - Candidate's technical skills and experience align well with the requirements of the role.,[],[],High potential for growth within the company due to strong technical skills and experience.,Low - Candidate is well-equipped to handle the responsibilities of the role.,9,3 years,FALSE,Good,Mid-Level,Candidate shows a strong background in machine learning development and would be a valuable addition to the team.,David_Alvarez_resume.pdf,david.alvarez@example.com,,https://www.linkedin.com/in/davidalvarez665
Diane Cunningham,60%,"{'Technical Skills': ['NumPy', 'Pandas', 'Scikit-learn', 'Keras'], 'Tools & Technologies': ['AWS', 'GCP', 'Azure', 'Docker', 'Kubernetes'], 'Concepts & Methodologies': ['NLP', 'Computer Vision', 'Reinforcement Learning', 'Spark', 'Hadoop', 'MLOps', 'CI/CD']}","['Python', 'TensorFlow', 'PyTorch', 'Machine Learning', 'Data Processing', 'Model Training', 'Model Deployment']","Experienced professional in the Logistics industry with a strong background in data processing, model training, and deployment. Skilled in developing intelligent models to solve real-world problems.",[],[],[],[],Logistics,"Medium - The candidate has relevant experience in data processing and model training, but lacks experience in some key areas like cloud platforms and advanced ML concepts.",['Lack of experience with specific tools and technologies mentioned in the JD'],[],"Medium - With additional training and experience in key areas, the candidate has the potential to grow within the company.",High - The candidate will require significant training and upskilling to meet the requirements of the role.,6.5,9.8,TRUE,Average,Mid-Level,The candidate shows potential but will need additional training to fully meet the requirements of the Machine Learning Developer role.,Diane_Cunningham_resume.pdf,diane.cunningham@example.com,,https://www.linkedin.com/in/dianecunningham334
Cassandra Robbins,90%,"{'Technical Skills': [], 'Tools & Technologies': [], 'Concepts & Methodologies': []}","['Python', 'TensorFlow', 'PyTorch', 'regression', 'classification', 'clustering', 'deep learning', 'NLP', 'computer vision', 'reinforcement learning']","Experienced Machine Learning Developer with 7.9 years in the E-commerce industry, strong programming skills in Python, and expertise in ML frameworks like TensorFlow and PyTorch. Knowledge of algorithms such as regression, classification, clustering, and deep learning. Familiarity with cloud platforms for model deployment and experience with NLP, computer vision, and reinforcement learning.","[{'Project Name': 'Intelligent Product Recommendation System', 'Relevance to JD': 'High', 'Technologies Used': ['Python', 'TensorFlow', 'PyTorch', 'NLP'], 'Impact': 'Increased sales by 15% through personalized recommendations.'}]","['Machine Learning Certification', 'Deep Learning Specialization']",[],"['Communication', 'Team Collaboration']",E-commerce,High - Candidate has relevant experience and skills for the role.,['1.5 years employment gap'],[],High potential for growth within the company.,Low - Candidate meets most of the requirements for the role.,8.5,7.9,TRUE,Good,Mid-Level,Candidate shows strong technical skills and relevant industry experience.,Cassandra_Robbins_resume.pdf,cassandra.robbins@example.com,,https://www.linkedin.com/in/cassandrarobbins505
